the apartment,Die Wohnung
The lamp,Die Lampe
the room,Das Zimmer
the Kichen,Die Kuche
The bath,Das Bad
old,Alt
new,Neu
big / large,Gross
small,Klein
Bright,Hell
dark,Dunkel
expensive,Teuer
cheap,Billing
nice,Schon
ugly,Hasslich
know,Kennen
The hallway,Der Flur
the toilet,Die Toilette
the belcony,Der Balkon
the living room,Das Wohnzimmer
"the, that, the","Der, das, die"
the house,Das Haus
here,Hier
there,Dort
but,Aber
not,Nicht
the month,Der Monat
narrow,Schmal
right / really,Richtig
wide,Breit
the closet,Der Schrank
the refrigerator,Der Kuhlschrank
The sofa,Das sofa
the table,Der Tisch
the chair,Der Stuhl
the television,Der Fernseher
the shower,Die Dusche
The stove,Der Herd
the bathtab,die Badewanne
the carpet,Der Teppich
the armchair,Der Sessel
the Furniture,Die Mobel
the device,Das Gerat
please,Gefallen
color,Die Farbe
find,Finden
color,Ganz
quite,Modern
black,Schwarz
degree,Grau
white,Weiss
green,Grun
brown,Braum
blue,Blau
red,Rot
yellow,Gelb
light ( color ),hell - (+ Farbe )
dark,Dunkel
the centemeter,Der Zentimerter
just,Mal
the mobile phone,Das Handy
the work,Die Arbeit
the display,Die Anzeige
net,Nett
the couple,Das Ehepaar
search,Schen
the garden,Der Garten
rent,Vermieten
The apartment,Das apartment
The room,Der Raum
the stick,Der stock
about,Circa
private,Privat
away / from,Ab
immediately,Sofort
the call,Der Anruf
furnished,Mobliert
the TV,Das TV
the garage,Die Garage
the square meter,Der Quadratmeter
only,Nur
the mite,Die Miete
pay,Bezahlen
sell,verkaufen
something,Etwas
the computer,Der Computer
the desk,Der Schreibtisch
today,Heute
which,Welche?
also,Also
approximately,Ungefahr
The meter,Der Meter
just,Lang
Exactly,Genau
see,Sehen
high,Hoch
morning,Morgen
