learn,lernen
the park,der Park
the break,die Pause
the family,die Familie
father,der Vater
grandparents,die Großeltern
mother,die Mutter
parents,die Eltern
the brother,der Bruder
the siblings,die Geschwister
the year,das Jahr
live,leben
in,in
well,gut
how are you?,Wie geht's?
super,super
well,na ja
ah,ach
very,sehr
the grandson,der Enkel
the granddaughter,die Enkelin
the daughter,die Tochter
the son,der Sohn
sister,die Schwester
grandma,die Oma
the husband,der Mann
the grandpa,der Opa
your,dein
my,mein
husband,der Ehemann
the wife,die Ehefrau
wrong,falsch
she (singular),sie (Singular)
Together,Zusammen
they (plural),sie (Plural)
divorced,geschieden
live,wohnen
Now,Jetzt
We,Wir
the number,die Zahl
Where,Wo
born,geboren
Number,die Nummer
Married,Verheiratet
have,haben
Place of birth,der Geburtsort
the place of residence,der Wohnort
marital status,der Familienstand
age,das Alter
widowed,verwitwet
the north,der Norden
the east,der Osten
the south,der Süden
the west,der Westen
the capital,die Hauptstadt
Learning vocabulary,Lernwortschatz
south,Süd
north,Nord
the teacher,der Lehrer
the teacher,die Lehrerin
the German,der/ die Deutsche
de speaks he/she speaks,de sprichst er/sie spricht
the brother,der Bruder
the mother,die Mutter
the father,der Vater
the sister,die Schwester
the grandpa,der Opa
grandma,die Oma
the grandson,der Enkel
family members,Familienmitglieder
the son,der Sohn
the siblings,die Geschwister
the parents,die Eltern
daughter,die Tochter
the granddaughter,die Enkelin
the grandparents,die Großeltern
