Lernwortschatz,Learning vocabulary
Ansehen,View
das Bild,the picture
Hören,listen
noch einmal,once more
ankreuzen,tick
Zuordnen,Assign
ergänzen,complete
Machen,Do
der Kurs,the course
sprechen,speak
lesen,reading
das Gespräch,the conversation
spielen,play
suchen,search
zeigen,show
Fragen,questions
Was,what
markieren,mark
die Frage,the question
nachsprechen,repeat
raten,guess
das Wort,word
die Lektion,lesson
meinen,my
sagen,say
notieren,note
vergleichen,compare
schreiben,write
variieren,vary
erzählen,tell
arbeiten,work
zeichnen,draw
verbinden,connect
die Antwort,the answer
Antworten,Answers
FOTO-HORGESCHICHTE,PHOTO-HORSTORY
ich,me
heißen,hot
der Name,the name
Kommen,come
Deutschland,germany
sprechen,speak
Deutsch,German
und,and
ein bisschen,a little
Guten Tag,good day
hallo,hello
Auf Wiedersehen,goodbye
tschüs,bye
der Herr,the gentleman
das Kind,the child
Guten Abend,good evening
die Dame,the lady
willkommen,welcome
bei,to
die Musik,the music
international,international
Guten Morgen,good morning
die Frau,the woman
danke,thank you
der Papa,the dad
CANAD,CANAD
Strg,Ctrl
Lernwortschatz,Learning vocabulary
sein,its
wie,how
woher,from where
aus,from
du,you
Österreich,Austria
Ahal,Ahal
toll,great
interessant,interesting
was auch,what also
die Sprache,the language
der Buch,the book
Buchstabe,letter
das Alphabet,the alphabet
Wie bitte?,Pardon?
buchstabieren,spell
bitte,please
Vielen Dank,Thank you
die Adresse,address
die Visiten,Visits
der Vorname,First name
der Familienname,Surname
die Straße,Street address
die Stadt,City
das Land,Country
die E-Mail,e-mail address
das Telefon,Phone number
das Formular,form
der Kurs,the course
die Fremdsprache,foreign language
die Anmeldung,Registration
die Postleitzahl,Postal code
Türkisch,Turkish
Sprachen,languages
Polnisch,Polish
Deutsch,German
Polnisch,Polish
die Schweiz,Switzerland
Polen,Poland
Rumanisch,Romanian
Türkisch,Turkish
Rumänien,Romania
die Türkei,Turkey
Arabisch,Arabic
Syrien,Syria
Spanisch,Spanish
Spanien,Spain
Bulgarisch,Bulgarian
Ungarisch,Hungarian
Bulgarien,Bulgaria
Ungarn,Hungary
Italienisch,Italian
Italien,Italy
chisch,chic
