machen,make
die Präsentation,the presentation
Frühstücken,breakfast
einkaufen,shopping
horen,listen
kochen,cooking
spazieren gehen,going for a walk
aufräumen aufstehen,tidying up getting up
gehen oder,walk or
müde anrufen,call tired
früh,early
der Supermarkt,the supermarket
fernsehen,watching television
mit,with
arbeiten,work
Abend mude,evening mude
lange,long
spielen,play
gern,like
spät,late
schon,already
erst,only
das Viertel,the quarter
nach,after
halb,half past
die Uhr,the clock
kurz,short
gleich,coming soon
der Intensivkurs,the intensive course
anfangen,start
am,at
der Montag,Monday
der Freitag,Friday
der Donnerstag,Thursday
der Mittwoch,Wednesday
der Dienstag,Tuesday
wann,when
um,at
Lernwortschatz,vocabulary
enden,end
von bis,from to
die Party,the party
die Zeit,the time
der Fußball,the football
der Samstag,Saturday
der Sonntag,Sunday
die Hausaufgabe,the homework
die Mama,the mum
Am Sonntag?,On Sunday?
schlafen,sleep
das Wochenende,the weekend
nächst,next
die Woche,the week
Woche,week
der Mittag,noon
der Morgen,morning
der Abend,evening
der Nachmittag,the afternoon
der Vormittag,the morning
die Nacht,the night
das Kino,the cinema
der Sport,sport
trinken,drink
geoffnet,open
der Termin,the appointment
der Kindergarten,kindergarten
das Geschäft,business
ANADA,ANADA
UNITED STAT,UNITED STAT
die Bibliothek,the library
geschlossen,closed
öffnen,open
schließen,close
die Praxis,the practice
der Tag,the day
Jed-,Every-
die Kita (Kinder- tagestätte),the day care centre (Kinder- tagestätte)
bringen,bring
abholen mehr,pick up more
das Beispiel,the example
zum Beispiel,for example
wieder,again
der Freund,the friend
die Freundin,the friend
fragen,ask
antworten,answer
total,totally
TIPP,TIP
Mittwoch,Wednesday
