Shopping,Einkaufen
Banana,die Banane
butter,die Butter
Egg,das Ei
Flour,das Mehl
Milk,die Milch
Sugar,der Zucker
Pancake,der Pfannkuchen
Chocolate,die Schokolade
Super delicious,Superlecker
pancake,Pfannkuchen
need,brauchen
buy,kaufen
the hunger,der Hunger
the euro,der Euro
meat,das Fleisch
beer,das Bier
cheese,der Käse
salt,das Salz
Tea,der Tee
Bread,das Brot
Wine,der Wein
Mineral water,das Mineralwasser
Rice,der Reis
fish,der Fisch
not,kein
apple,der Apfel
Orange,die Orange
cake,der Kuchen
coffee,der Kaffee
juice,der Saft
roll,das Brötchen
sausage,das Würstchen
Pear,die Birne
Tomato,die Tomate
potato,die Kartoffel
yogurt,der/ das Joghurt
onion,die Zwiebel
shelf,das Regal
Vocabulary,Lernwortschatz
price,der Preis
cent,der Cent
leaflet,der Prospekt
special offer,das Sonderangebot
food,das Lebensmittel
how much,wie viel
cost,kosten
kilo,das Kilo
gram,das Gramm
pound,das Pfund
the liter,der Liter
bottle,die Flasche
can,die Dose
cream,die Sahne
sausage,die Wurst
minced meat,das Hackfleisch
the seller,der Verkäufer
saleswoman,die Verkäuferin
customer,der Kunde
the customer,die Kundin
nor,noch
all,all
Would like,Möchten
find,finden
the store,der Laden
fruit,das Obst
vegetables,das Gemüse
bakery,die Bäckerei
potato,die Kartoffel
Cake,der Kuchen
Mineral water,das Minera wasser
Cheese,der Käse
Apple,der Apfel
Onion,die Zwiebel
Tomato,die Tomate
Juice,der Saft
yog,der/ das Jogh
"Orange,","die Orange,"
bread roll,das Brötchem
meat,das Fleisch
El-er,das El-er
Fish,der Fisch
Chocolate,die Schokolade
Milk,die Milch
Bread,das Brot
Pear,die Birne
banana,die Banane
butter,die Butter
apple,ein Apfel
Water,das Wasser
pepper,der Pfeffer
for,für
the recipe,das Rezept
